{
	"definitions": {},
	"$schema": "http://json-schema.org/draft-07/schema#",
	"$id": "hopslash/res/anim/anim.schema.json",
	"type": "object",
	"title": "JSON schema for HopSlash animation files.",
	"required": [
		"sheets",
		"frame_width",
		"frame_height",
		"animations"
	],
	"properties": {
		"sheets": {
			"$id": "#/properties/sheets",
			"type": "array",
			"title": "sheets: An array of image paths",
			"items": {
				"$id": "#/properties/sheets/items",
				"type": "string",
				"title": "The Items Schema",
				"default": "",
				"examples": [
					"res/img/spritesheet.png"
				],
				"pattern": "^(.*)$"
			}
		},
		"frame_width": {
			"$id": "#/properties/frame_width",
			"type": "integer",
			"title": "frame_width: The width of each frame",
			"default": 0,
			"examples": [
				32
			]
		},
		"frame_height": {
			"$id": "#/properties/frame_height",
			"type": "integer",
			"title": "frame_width: The height of each frame",
			"default": 0,
			"examples": [
				25
			]
		},
		"animations": {
			"$id": "#/properties/animations",
			"type": "array",
			"title": "animations: An array of animation objects",
			"items": {
				"$id": "#/properties/animations/items",
				"type": "object",
				"title": "Each animation object in the animations array",
				"required": [
					"name",
					"frames",
					"durations",
					"sheet"
				],
				"properties": {
					"name": {
						"$id": "#/properties/animations/items/properties/name",
						"type": "string",
						"title": "The Name Schema",
						"default": "",
						"examples": [
							"Idle"
						],
						"pattern": "^(.*)$"
					},
					"frames": {
						"$id": "#/properties/animations/items/properties/frames",
						"type": "array",
						"title": "The Frames Schema",
						"items": {
							"$id": "#/properties/animations/items/properties/frames/items",
							"type": "array",
							"title": "The Items Schema",
							"items": {
								"$id": "#/properties/animations/items/properties/frames/items/items",
								"type": "integer",
								"title": "The Items Schema",
								"default": 0,
								"examples": [
									0,
									0
								]
							}
						}
					},
					"durations": {
						"$id": "#/properties/animations/items/properties/durations",
						"type": "array",
						"title": "The Durations Schema",
						"items": {
							"$id": "#/properties/animations/items/properties/durations/items",
							"type": "integer",
							"title": "The Items Schema",
							"default": 0,
							"examples": [
								200,
								200,
								200,
								200
							]
						}
					},
					"sheet": {
						"$id": "#/properties/animations/items/properties/sheet",
						"type": "integer",
						"title": "The Sheet Schema",
						"default": 0,
						"examples": [
							0
						]
					}
				}
			}
		}
	}
}
